Office_No,(Multiple Items),,,,,,,,,,
Age Count,1,,,,,,,,,,
Eligible Acct Tenure,TRUE,,,,,,,,,,
,,,,,,,,,,,
Customer_ID,Sum of Service_start,Sum of Service_end,,1. How many unique customers fit the above criteria? 3647,,,,,,,
8949435,12/8/2023,12/31/2023,,2. How many unique customers fit the above criteria for each of your offices? ,,,,,,,
8973275,7/1/2023,7/31/2023,,Office_No,Unique Customers,,,,,,
9013613,12/11/2023,12/31/2023,,138,13,,,,,,
9016591,1/1/2024,1/31/2024,,139,11,,,,,,
9034165,11/30/2023,11/30/2023,,140,16,,,,,,
9060100,9/18/2023,9/30/2023,,141,38,,,,,,
9083488,1/10/2024,1/31/2024,,142,24,,,,,,
9126576,11/1/2023,11/30/2023,,147,19,,,,,,
9138441,12/13/2023,12/31/2023,,150,4,,,,,,
9154033,4/6/2023,4/30/2023,,155,2,,,,,,
9203182,11/1/2023,11/30/2023,,160,2,,,,,,
9207835,8/29/2023,8/31/2023,,162,55,,,,,,
9214035,12/1/2023,12/31/2023,,181,31,,,,,,
9220488,9/1/2023,9/30/2023,,262,33,,,,,,
9226707,4/18/2023,4/30/2023,,312,3,,,,,,
9240111,11/1/2023,11/30/2023,,432,107,,,,,,
9430679,12/1/2023,12/31/2023,,433,65,,,,,,
9561765,11/1/2023,11/30/2023,,TOTAL,423,,,,,,
9564206,1/29/2024,1/30/2024,,,,,,,,,
9625313,7/1/2023,7/31/2023,,3. Limitations that may prevent me from providing this report:,,,,,,,
10158188,9/12/2023,9/30/2023,,"Inconsistent or missing data for age, service start date, service end date, office code, or service type.
Errors in data entry (incorrect dates and typos in office codes).
Duplicate records for the same customer. Ambiguous definitions of ""Youth"" (e.g., based on age at service start, end, or current age).
Unclear criteria for determining service start and end dates (e.g., based on service creation, completion, or other factors).
Data in a non-standard format (e.g., text instead of date).
",,,,,,,
10329910,9/5/2023,9/30/2023,,,,,,,,,
10417896,5/22/2023,5/31/2023,,,,,,,,,
10459320,11/7/2023,11/30/2023,,,,,,,,,
10477983,1/29/2024,1/31/2024,,,,,,,,,
10482804,10/2/2023,10/31/2023,,,,,,,,,
10502054,10/23/2023,10/31/2023,,,,,,,,,
10503774,12/8/2023,12/31/2023,,,,,,,,,
10536349,12/1/2023,12/31/2023,,,,,,,,,
10559230,11/1/2023,11/30/2023,,,,,,,,,
10590763,1/17/2024,1/31/2024,,"What I can do to modify the query to address these issues: Incorrect or Missing Date Formats: Ensure that date fields (service start and end dates) are in a consistent format (e.g., YYYY-MM-DD) and that the query can correctly interpret them.
Age Calculation Errors: Verify that the age calculation is accurate and considers the service start date, not the current date.
Data Type Mismatches: Check if there are any data type inconsistencies (e.g., treating numbers as text) that might prevent correct filtering.
Null or Missing Values: Handle null or missing values appropriately, especially in date or age fields, to avoid unexpected results.",,,,,,,
10615461,8/3/2023,8/31/2023,,,,,,,,,
10642937,1/1/2024,1/31/2024,,,,,,,,,
10661411,4/1/2023,4/21/2023,,,,,,,,,
10674510,5/15/2023,5/31/2023,,,,,,,,,
10685061,2/13/2023,2/28/2023,,,,,,,,,
10718987,10/1/2023,10/31/2023,,,,,,,,,
10772352,11/7/2023,11/30/2023,,,,,,,,,
10836941,6/1/2023,6/30/2023,,,,,,,,,
10872992,11/1/2023,11/30/2023,,,,,,,,,
10925403,1/31/2024,1/31/2024,,,,,,,,,
10939604,6/1/2023,6/30/2023,,"SELECT *
FROM service_table
WHERE Service IN (425, 101, 987)
  AND Office IN (138, 139, 140, 141, 142, 147, 150, 155, 160, 162, 181, 262, 312, 432, 433)
  AND ServiceStart >= '2022-10-01'
  AND ServiceEnd <= '2024-02-01'
  AND DATEDIFF(YEAR, ServiceStart, BirthDate) <= 25;",,,,,,,
10956244,4/18/2023,4/30/2023,,,,,,,,,
10973274,5/1/2023,5/31/2023,,,,,,,,,
11089116,10/1/2023,10/31/2023,,,,,,,,,
11122184,1/17/2024,1/31/2024,,,,,,,,,
11197799,12/11/2023,12/31/2023,,,,,,,,,
11605778,1/11/2024,1/31/2024,,,,,,,,,
11721543,5/1/2023,5/31/2023,,,,,,,,,
11744256,7/1/2023,7/31/2023,,,,,,,,,
11812052,12/5/2023,12/31/2023,,,,,,,,,
11817339,3/1/2023,3/31/2023,,,,,,,,,
11930401,1/31/2024,1/31/2024,,,,,,,,,
12013376,12/1/2023,12/31/2023,,,,,,,,,
12024578,9/12/2023,9/30/2023,,,,,,,,,
12043908,12/1/2023,12/31/2023,,,,,,,,,
12076909,11/1/2023,11/30/2023,,,,,,,,,
12094836,12/11/2023,12/31/2023,,,,,,,,,
12169838,11/20/2023,11/30/2023,,,,,,,,,
12532268,1/1/2024,1/26/2024,,,,,,,,,
12741251,10/23/2023,10/31/2023,,,,,,,,,
12971754,1/3/2024,1/31/2024,,,,,,,,,
13196767,11/28/2023,11/30/2023,,,,,,,,,
13234129,6/1/2023,6/30/2023,,,,,,,,,
13256073,8/7/2023,8/31/2023,,,,,,,,,
13323224,9/25/2023,9/30/2023,,,,,,,,,
13353145,10/1/2023,10/31/2023,,,,,,,,,
13370251,12/18/2023,12/31/2023,,,,,,,,,
13421504,10/4/2023,10/31/2023,,,,,,,,,
13474979,12/1/2023,12/31/2023,,,,,,,,,
13592823,12/11/2023,12/31/2023,,,,,,,,,
13736866,10/1/2023,10/31/2023,,,,,,,,,
13849240,8/28/2023,8/31/2023,,,,,,,,,
13861053,1/10/2024,1/31/2024,,,,,,,,,
13954242,11/6/2023,11/30/2023,,,,,,,,,
13970165,1/1/2024,1/31/2024,,,,,,,,,
13975954,11/1/2023,11/30/2023,,,,,,,,,
14011207,9/1/2023,9/30/2023,,,,,,,,,
14118920,11/6/2023,11/30/2023,,,,,,,,,
14246528,12/1/2023,12/31/2023,,,,,,,,,
14270061,9/12/2023,9/30/2023,,,,,,,,,
14305041,10/23/2023,10/31/2023,,,,,,,,,
14481617,12/7/2023,12/31/2023,,,,,,,,,
14519098,1/1/2024,1/31/2024,,,,,,,,,
14824037,1/11/2024,1/31/2024,,,,,,,,,
14924502,6/1/2023,6/30/2023,,,,,,,,,
15056263,9/1/2023,9/30/2023,,,,,,,,,
15095337,10/1/2023,10/31/2023,,,,,,,,,
15169450,11/1/2023,11/10/2023,,,,,,,,,
15173115,11/14/2023,11/30/2023,,,,,,,,,
15202204,9/12/2023,9/30/2023,,,,,,,,,
15219411,10/2/2023,10/31/2023,,,,,,,,,
15240937,10/1/2023,10/31/2023,,,,,,,,,
15285566,12/1/2023,12/31/2023,,,,,,,,,
15294235,5/31/2023,5/31/2023,,,,,,,,,
15296859,1/24/2024,1/31/2024,,,,,,,,,
15300261,11/6/2023,11/30/2023,,,,,,,,,
15319815,12/1/2023,12/31/2023,,,,,,,,,
15340653,9/18/2023,9/30/2023,,,,,,,,,
15347186,8/1/2023,8/31/2023,,,,,,,,,
15369600,12/12/2023,12/31/2023,,,,,,,,,
15407472,12/1/2023,12/21/2023,,,,,,,,,
15423120,1/22/2024,1/31/2024,,,,,,,,,
15425520,5/1/2023,5/31/2023,,,,,,,,,
15428244,9/1/2023,9/30/2023,,,,,,,,,
15445262,10/1/2023,10/31/2023,,,,,,,,,
15445938,1/1/2024,1/22/2024,,,,,,,,,
15457448,1/24/2024,1/31/2024,,,,,,,,,
15470884,7/1/2023,7/31/2023,,,,,,,,,
15488975,10/1/2023,10/31/2023,,,,,,,,,
15498460,1/4/2023,1/31/2023,,,,,,,,,
15502253,10/1/2023,10/31/2023,,,,,,,,,
15516663,9/1/2023,9/30/2023,,,,,,,,,
15544762,5/1/2023,5/31/2023,,,,,,,,,
15548058,10/13/2023,10/31/2023,,,,,,,,,
15563721,8/1/2023,8/31/2023,,,,,,,,,
15572550,11/1/2023,11/30/2023,,,,,,,,,
15579960,9/13/2023,9/30/2023,,,,,,,,,
15588874,11/1/2023,11/30/2023,,,,,,,,,
15603814,11/7/2023,11/30/2023,,,,,,,,,
15613538,10/1/2023,10/31/2023,,,,,,,,,
15619041,1/10/2024,1/31/2024,,,,,,,,,
15619162,9/1/2023,9/30/2023,,,,,,,,,
15631781,11/1/2023,11/10/2023,,,,,,,,,
15633818,7/1/2023,7/21/2023,,,,,,,,,
15639603,8/15/2023,8/31/2023,,,,,,,,,
15642528,1/1/2024,1/26/2024,,,,,,,,,
15651314,9/1/2023,9/30/2023,,,,,,,,,
15653182,12/1/2023,12/31/2023,,,,,,,,,
15663333,8/28/2023,8/31/2023,,,,,,,,,
15667914,11/29/2023,11/30/2023,,,,,,,,,
15670719,3/1/2023,3/31/2023,,,,,,,,,
15681819,1/1/2024,1/19/2024,,,,,,,,,
15691611,1/24/2024,1/31/2024,,,,,,,,,
15692383,10/1/2023,10/13/2023,,,,,,,,,
15692839,10/1/2023,10/31/2023,,,,,,,,,
15693875,5/1/2023,5/31/2023,,,,,,,,,
15700549,1/16/2024,1/31/2024,,,,,,,,,
15707169,6/1/2023,6/30/2023,,,,,,,,,
15708461,11/1/2023,11/28/2023,,,,,,,,,
15725912,10/2/2023,10/31/2023,,,,,,,,,
15731471,9/1/2023,9/30/2023,,,,,,,,,
15736923,2/1/2023,2/28/2023,,,,,,,,,
15744020,1/23/2024,1/31/2024,,,,,,,,,
15747087,9/25/2023,9/30/2023,,,,,,,,,
15755063,11/1/2023,11/30/2023,,,,,,,,,
15756474,1/1/2024,1/22/2024,,,,,,,,,
15758444,8/28/2023,8/31/2023,,,,,,,,,
15760112,7/1/2023,7/31/2023,,,,,,,,,
15761226,7/1/2023,7/31/2023,,,,,,,,,
15765118,4/13/2023,4/30/2023,,,,,,,,,
15770491,12/1/2023,12/31/2023,,,,,,,,,
15776658,1/17/2024,1/31/2024,,,,,,,,,
15789336,10/23/2023,10/31/2023,,,,,,,,,
15793445,1/1/2024,1/31/2024,,,,,,,,,
15794582,1/29/2024,1/31/2024,,,,,,,,,
15804687,8/28/2023,8/31/2023,,,,,,,,,
15809921,12/22/2023,12/31/2023,,,,,,,,,
15811570,6/1/2023,6/30/2023,,,,,,,,,
15823318,11/27/2023,11/30/2023,,,,,,,,,
15830369,1/16/2024,1/31/2024,,,,,,,,,
15830579,4/24/2023,4/30/2023,,,,,,,,,
15842170,8/28/2023,8/31/2023,,,,,,,,,
15842250,12/18/2023,12/31/2023,,,,,,,,,
15844808,10/1/2023,10/31/2023,,,,,,,,,
15847382,11/1/2023,11/30/2023,,,,,,,,,
15849516,8/28/2023,8/31/2023,,,,,,,,,
15850087,9/18/2023,9/30/2023,,,,,,,,,
15851095,11/14/2023,11/30/2023,,,,,,,,,
15854398,1/9/2024,1/31/2024,,,,,,,,,
15856620,9/28/2023,9/30/2023,,,,,,,,,
15865741,1/1/2024,1/31/2024,,,,,,,,,
15872315,5/9/2023,5/31/2023,,,,,,,,,
15878340,12/1/2023,12/31/2023,,,,,,,,,
15878888,10/1/2023,10/31/2023,,,,,,,,,
15883106,9/6/2023,9/30/2023,,,,,,,,,
15893026,1/1/2024,1/31/2024,,,,,,,,,
15898856,1/1/2024,1/31/2024,,,,,,,,,
15901533,10/1/2023,10/31/2023,,,,,,,,,
15905437,9/1/2023,9/30/2023,,,,,,,,,
15905454,10/12/2023,10/31/2023,,,,,,,,,
15906749,6/1/2023,6/30/2023,,,,,,,,,
15912685,9/21/2023,9/30/2023,,,,,,,,,
15914316,11/1/2023,11/30/2023,,,,,,,,,
15917804,12/1/2023,12/31/2023,,,,,,,,,
15919586,1/11/2024,1/31/2024,,,,,,,,,
15922349,1/1/2024,1/31/2024,,,,,,,,,
15927900,11/1/2023,11/30/2023,,,,,,,,,
15927985,1/11/2024,1/31/2024,,,,,,,,,
15928614,10/25/2023,10/31/2023,,,,,,,,,
16148954,3/1/2023,3/31/2023,,,,,,,,,
16401983,5/9/2023,5/31/2023,,,,,,,,,
16552342,8/29/2023,8/31/2023,,,,,,,,,
16555348,6/13/2023,6/30/2023,,,,,,,,,
16742365,9/13/2023,9/30/2023,,,,,,,,,
16898495,1/1/2024,1/31/2024,,,,,,,,,
17010674,12/11/2023,12/31/2023,,,,,,,,,
17031466,9/12/2023,9/30/2023,,,,,,,,,
17053522,1/24/2024,1/31/2024,,,,,,,,,
17100934,12/1/2023,12/31/2023,,,,,,,,,
17446058,6/1/2023,6/30/2023,,,,,,,,,
17504895,9/1/2023,9/30/2023,,,,,,,,,
17772022,1/11/2024,1/31/2024,,,,,,,,,
17845186,1/1/2024,1/31/2024,,,,,,,,,
17908180,1/11/2024,1/31/2024,,,,,,,,,
17983296,10/1/2023,10/31/2023,,,,,,,,,
18162830,12/4/2023,12/31/2023,,,,,,,,,
18215737,12/1/2023,12/31/2023,,,,,,,,,
18279220,8/2/2023,8/31/2023,,,,,,,,,
(blank),###############################################################################################################################################################################################################################################################,###############################################################################################################################################################################################################################################################,,,,,,,,,
Grand Total,###############################################################################################################################################################################################################################################################,###############################################################################################################################################################################################################################################################,,,,,,,,,
